{
  "SVLAN DELETE" : {
    "transaction" : "SVLAN DELETE",
    "sampleCount" : 1,
    "errorCount" : 0,
    "errorPct" : 0.0,
    "meanResTime" : 5946.0,
    "medianResTime" : 5946.0,
    "minResTime" : 5946.0,
    "maxResTime" : 5946.0,
    "pct1ResTime" : 5946.0,
    "pct2ResTime" : 5946.0,
    "pct3ResTime" : 5946.0,
    "throughput" : 0.16818028927009754,
    "receivedKBytesPerSec" : 0.05666230449041373,
    "sentKBytesPerSec" : 0.08606100739993273
  },
  "UNI DELETE" : {
    "transaction" : "UNI DELETE",
    "sampleCount" : 2,
    "errorCount" : 0,
    "errorPct" : 0.0,
    "meanResTime" : 5361.0,
    "medianResTime" : 5361.0,
    "minResTime" : 4980.0,
    "maxResTime" : 5742.0,
    "pct1ResTime" : 5742.0,
    "pct2ResTime" : 5742.0,
    "pct3ResTime" : 5742.0,
    "throughput" : 0.11225234326766571,
    "receivedKBytesPerSec" : 0.038531932283773926,
    "sentKBytesPerSec" : 0.033982642981422236
  },
  "EVC-Customer Details Missing 2" : {
    "transaction" : "EVC-Customer Details Missing 2",
    "sampleCount" : 2,
    "errorCount" : 0,
    "errorPct" : 0.0,
    "meanResTime" : 664.5,
    "medianResTime" : 664.5,
    "minResTime" : 415.0,
    "maxResTime" : 914.0,
    "pct1ResTime" : 914.0,
    "pct2ResTime" : 914.0,
    "pct3ResTime" : 914.0,
    "throughput" : 0.12418503570319776,
    "receivedKBytesPerSec" : 0.040626940391182864,
    "sentKBytesPerSec" : 0.06379036013660354
  },
  "EVCENDPOINT CREATE" : {
    "transaction" : "EVCENDPOINT CREATE",
    "sampleCount" : 2,
    "errorCount" : 0,
    "errorPct" : 0.0,
    "meanResTime" : 6802.0,
    "medianResTime" : 6802.0,
    "minResTime" : 6662.0,
    "maxResTime" : 6942.0,
    "pct1ResTime" : 6942.0,
    "pct2ResTime" : 6942.0,
    "pct3ResTime" : 6942.0,
    "throughput" : 0.12464165524118162,
    "receivedKBytesPerSec" : 0.3509198164651627,
    "sentKBytesPerSec" : 0.11173929639785617
  },
  "SVLAN CREATE" : {
    "transaction" : "SVLAN CREATE",
    "sampleCount" : 1,
    "errorCount" : 0,
    "errorPct" : 0.0,
    "meanResTime" : 2214.0,
    "medianResTime" : 2214.0,
    "minResTime" : 2214.0,
    "maxResTime" : 2214.0,
    "pct1ResTime" : 2214.0,
    "pct2ResTime" : 2214.0,
    "pct3ResTime" : 2214.0,
    "throughput" : 0.45167118337850043,
    "receivedKBytesPerSec" : 0.19407746160794942,
    "sentKBytesPerSec" : 0.16849452348690153
  },
  "EVC-Passing NULL Value Of Name Field" : {
    "transaction" : "EVC-Passing NULL Value Of Name Field",
    "sampleCount" : 2,
    "errorCount" : 0,
    "errorPct" : 0.0,
    "meanResTime" : 566.5,
    "medianResTime" : 566.5,
    "minResTime" : 340.0,
    "maxResTime" : 793.0,
    "pct1ResTime" : 793.0,
    "pct2ResTime" : 793.0,
    "pct3ResTime" : 793.0,
    "throughput" : 0.12476606363069247,
    "receivedKBytesPerSec" : 0.03917215767311291,
    "sentKBytesPerSec" : 0.07298327354959451
  },
  "Debug Sampler" : {
    "transaction" : "Debug Sampler",
    "sampleCount" : 2,
    "errorCount" : 0,
    "errorPct" : 0.0,
    "meanResTime" : 0.5,
    "medianResTime" : 0.5,
    "minResTime" : 0.0,
    "maxResTime" : 1.0,
    "pct1ResTime" : 1.0,
    "pct2ResTime" : 1.0,
    "pct3ResTime" : 1.0,
    "throughput" : 0.14462361703666207,
    "receivedKBytesPerSec" : 0.11425830681900354,
    "sentKBytesPerSec" : 0.0
  },
  "Total" : {
    "transaction" : "Total",
    "sampleCount" : 24,
    "errorCount" : 0,
    "errorPct" : 0.0,
    "meanResTime" : 3333.5,
    "medianResTime" : 2152.0,
    "minResTime" : 0.0,
    "maxResTime" : 9197.0,
    "pct1ResTime" : 8040.0,
    "pct2ResTime" : 9110.0,
    "pct3ResTime" : 9197.0,
    "throughput" : 0.8368200836820083,
    "receivedKBytesPerSec" : 0.6495434536262203,
    "sentKBytesPerSec" : 0.38531315376569036
  },
  "EVC POST CREATE" : {
    "transaction" : "EVC POST CREATE",
    "sampleCount" : 2,
    "errorCount" : 0,
    "errorPct" : 0.0,
    "meanResTime" : 9023.0,
    "medianResTime" : 9023.0,
    "minResTime" : 8849.0,
    "maxResTime" : 9197.0,
    "pct1ResTime" : 9197.0,
    "pct2ResTime" : 9197.0,
    "pct3ResTime" : 9197.0,
    "throughput" : 0.08684324793747286,
    "receivedKBytesPerSec" : 0.06576849489795918,
    "sentKBytesPerSec" : 0.05156317846287451
  },
  "EVC GET Detail By ID" : {
    "transaction" : "EVC GET Detail By ID",
    "sampleCount" : 2,
    "errorCount" : 0,
    "errorPct" : 0.0,
    "meanResTime" : 1329.5,
    "medianResTime" : 1329.5,
    "minResTime" : 822.0,
    "maxResTime" : 1837.0,
    "pct1ResTime" : 1837.0,
    "pct2ResTime" : 1837.0,
    "pct3ResTime" : 1837.0,
    "throughput" : 0.1276731567187999,
    "receivedKBytesPerSec" : 0.12218720076603895,
    "sentKBytesPerSec" : 0.0248114826045324
  },
  "EVC Service ID Deletion" : {
    "transaction" : "EVC Service ID Deletion",
    "sampleCount" : 2,
    "errorCount" : 0,
    "errorPct" : 0.0,
    "meanResTime" : 2229.0,
    "medianResTime" : 2229.0,
    "minResTime" : 1884.0,
    "maxResTime" : 2574.0,
    "pct1ResTime" : 2574.0,
    "pct2ResTime" : 2574.0,
    "pct3ResTime" : 2574.0,
    "throughput" : 0.11713716762328687,
    "receivedKBytesPerSec" : 0.039979921957362066,
    "sentKBytesPerSec" : 0.03523266369919175
  },
  "Customer Detail Missing 1" : {
    "transaction" : "Customer Detail Missing 1",
    "sampleCount" : 2,
    "errorCount" : 0,
    "errorPct" : 0.0,
    "meanResTime" : 519.0,
    "medianResTime" : 519.0,
    "minResTime" : 321.0,
    "maxResTime" : 717.0,
    "pct1ResTime" : 717.0,
    "pct2ResTime" : 717.0,
    "pct3ResTime" : 717.0,
    "throughput" : 0.12853470437017994,
    "receivedKBytesPerSec" : 0.04192440552699229,
    "sentKBytesPerSec" : 0.07317942641388174
  },
  "EVCENDPOINT DELETE" : {
    "transaction" : "EVCENDPOINT DELETE",
    "sampleCount" : 2,
    "errorCount" : 0,
    "errorPct" : 0.0,
    "meanResTime" : 2265.0,
    "medianResTime" : 2265.0,
    "minResTime" : 2090.0,
    "maxResTime" : 2440.0,
    "pct1ResTime" : 2440.0,
    "pct2ResTime" : 2440.0,
    "pct3ResTime" : 2440.0,
    "throughput" : 0.17868310551237382,
    "receivedKBytesPerSec" : 0.06438873626373627,
    "sentKBytesPerSec" : 0.05985186053783615
  },
  "UNI CREATE" : {
    "transaction" : "UNI CREATE",
    "sampleCount" : 2,
    "errorCount" : 0,
    "errorPct" : 0.0,
    "meanResTime" : 7162.0,
    "medianResTime" : 7162.0,
    "minResTime" : 7093.0,
    "maxResTime" : 7231.0,
    "pct1ResTime" : 7231.0,
    "pct2ResTime" : 7231.0,
    "pct3ResTime" : 7231.0,
    "throughput" : 0.09966115208291808,
    "receivedKBytesPerSec" : 0.15937025052322104,
    "sentKBytesPerSec" : 0.07893085384692046
  }
}